1	0	3A	3A	Y
2	0	3B	3B	N
3	0	3D2	3D2	Y
4	0	3DA	3DA	N
5	0	3V	3V	Y
5	1	TS	TS	Y
6	0	4J	4J	Y
6	1	4K	4K	Y
7	0	4L	4L	Y
8	0	4P	4S	Y
9	0	4X	4X	Y
9	1	4Z	4Z	Y
10	0	5B	5B	Y
11	0	5H	5H	Y
12	0	5N	5O	Y
13	0	5W	5W	Y
14	0	5X	5X	Y
15	0	5Y	5Z	Y
16	0	6V	6W	Y
17	0	6Y	6Y	Y
18	0	7P	7P	N
19	0	7T	7Y	Y
20	0	8P	8P	Y
21	0	8R	8R	Y
22	0	9A	9A	Y
23	0	9G	9G	Y
24	0	9H	9H	Y
25	0	9I	9J	Y
26	0	9K	9K	Y
27	0	9L	9L	N
28	0	9M	9M	Y
28	1	9W	9W	Y
29	0	9O	9T	Y
30	0	9V	9V	N
31	0	9Y	9Z	Y
32	0	A2	A2	N
32	1	8O	8O	N
33	0	A3	A3	N
34	0	A4	A4	Y
35	0	A7	A7	Y
36	0	A9	A9	N
37	0	AP	AS	Y
38	0	BA	BL	Y
38	1	BR	BT	Y
38	2	BY	BY	Y
38	3	BZ	BZ	Y
39	0	BM	BQ	Y
39	1	BU	BX	Y
40	0	C2	C2	N
41	0	C3	C3	Y
42	0	C5	C5	N
43	0	C6	C6	N
44	0	C8	C9	Y
45	0	CA	CE	Y
45	1	XQ	XR	Y
46	0	CM	CM	Y
46	1	CO	CO	Y
46	2	T4	T4	Y
47	0	CN	CN	N
48	0	CP	CP	Y
49	0	CQ	CU	Y
50	0	CV	CX	Y
51	0	D4	D4	N
52	0	DA	DR	Y
53	0	DU	DZ	Y
53	1	4D	4I	Y
54	0	E7	E7	Y
55	0	EA	EH	Y
55	1	AM	AO	Y
56	0	EI	EJ	Y
57	0	EK	EK	Y
58	0	EL	EL	Y
58	1	5L	5M	Y
59	0	ER	ER	Y
60	0	ES	ES	Y
61	0	EU	EW	Y
62	0	EY	EY	Y
63	0	EZ	EZ	Y
64	0	F	F	Y
64	1	HW	HY	Y
64	2	TK	TK	Y
64	3	TM	TM	Y
64	4	TO	TQ	Y
65	0	FK	FK	Y
66	0	FO	FO	Y
67	0	G	G	Y
67	1	M	M	Y
67	2	2A	2Z	Y
68	0	H4	H4	N
69	0	HA	HA	Y
69	1	HG	HG	Y
70	0	HB	HB	Y
71	0	HB0	HB0	Y
72	0	HC	HD	Y
73	0	HH	HH	N
73	1	4V	4V	N
74	0	HI	HI	Y
75	0	HJ	HK	Y
75	1	5J	5K	Y
76	0	HL	HL	Y
76	1	DS	DT	Y
77	0	HO	HP	Y
77	1	H3	H3	Y
77	2	3E	3F	Y
78	0	HQ	HR	Y
79	0	HS	HS	Y
79	1	E2	E2	Y
80	0	HV	HV	N
81	0	I	I	Y
82	0	J2	J2	Y
83	0	J3	J3	Y
84	0	J7	J7	Y
85	0	JA	JS	Y
85	1	7J	7N	Y
85	2	8J	8N	Y
86	0	JT	JV	Y
87	0	JY	JY	Y
88	0	LA	LN	Y
88	1	JW	JX	Y
88	2	3Y	3Y	Y
89	0	LO	LW	Y
89	1	AY	AZ	Y
89	2	L2	L9	Y
90	0	LX	LX	Y
91	0	LY	LY	Y
92	0	LZ	LZ	Y
93	0	OA	OC	Y
93	1	4T	4T	Y
94	0	OD	OD	Y
95	0	OE	OE	Y
96	0	OF	OJ	Y
97	0	OK	OL	Y
98	0	OM	OM	Y
99	0	ON	OT	Y
100	0	OU	OZ	Y
101	0	OY	OY	Y
102	0	P4	P4	Y
103	0	PA	PI	Y
104	0	PJ	PJ	Y
105	0	PP	PY	Y
105	1	ZV	ZZ	Y
106	0	PZ	PZ	N
107	0	R	R	Y
107	1	UA	UI	Y
108	0	S2	S3	Y
109	0	S5	S5	Y
110	0	SA	SM	Y
110	1	7S	7S	Y
110	2	8S	8S	Y
111	0	SN	SR	Y
111	1	HF	HF	Y
111	2	3Z	3Z	Y
112	0	ST	ST	N
113	0	SU	SU	N
114	0	SV	SZ	Y
114	1	J4	J4	Y
115	0	T7	T7	Y
116	0	TA	TC	Y
116	1	YM	YM	Y
117	0	TF	TF	Y
118	0	TG	TG	Y
118	1	TD	TD	Y
119	0	TI	TI	Y
119	1	TE	TE	Y
120	0	TR	TR	Y
121	0	TU	TU	Y
122	0	TZ	TZ	Y
123	0	UJ	UM	Y
124	0	UN	UQ	Y
125	0	UR	UZ	Y
125	1	EM	EO	Y
126	0	V2	V2	Y
127	0	V3	V3	N
128	0	V4	V4	N
129	0	V5	V5	Y
130	0	V7	V7	N
131	0	V8	V8	Y
132	0	VA	VG	Y
132	1	VO	VO	Y
132	2	VX	VY	Y
132	3	CF	CK	Y
132	4	CY	CZ	Y
132	5	XJ	XO	Y
133	0	VH	VN	Y
133	1	AX	AX	Y
134	0	VP2E	VP2E	N
135	0	VP2M	VP2M	N
136	0	VP2V	VP2V	Y
137	0	VP5	VP5	Y
138	0	VP9	VP9	Y
139	0	VR2	VR2	Y
140	0	VT	VW	Y
141	0	W	W	Y
141	1	AA	AL	Y
141	2	K	K	Y
141	3	N	N	Y
142	0	XA	XI	Y
142	1	4A	4C	Y
142	2	6D	6J	Y
143	0	XT	XT	Y
144	0	XX9	XX9	Y
145	0	XY	XZ	N
146	0	YB	YE	Y
146	1	8A	8I	Y
147	0	YI	YI	Y
147	1	HN	HN	Y
148	0	YJ	YJ	Y
149	0	YK	YK	Y
149	1	6C	6C	Y
150	0	YL	YL	Y
151	0	YN	YN	Y
151	1	HT	HT	Y
152	0	YO	YR	Y
153	0	YS	YS	Y
154	0	YT	YU	Y
155	0	YV	YY	Y
155	1	4M	4M	Y
156	0	Z2	Z2	N
157	0	Z3	Z3	Y
158	0	ZA	ZA	N
159	0	ZB	ZB	Y
160	0	ZF	ZF	Y
161	0	ZL	ZM	Y
162	0	ZP	ZP	Y
163	0	ZR	ZU	Y
164	0	4U1ITU	4U1ITU	Y
165	0	EP	EQ	Y
165	1	9B	9D	Y
166	0	EX	EX	Y
167	0	HL9	HL9	Y
168	0	VP8	VP8	Y
